Employee_ID,age,years_experience,education_level,department,performance_score,performance_category,Experience_group
emp001,58,23,High School,Finance,10,Excellent,20+ Years
emp002,48,39,Bachelor,HR,6,Good,20+ Years
emp003,34,15,High School,HR,5,Average,11-20 Years
emp004,27,29,PhD,HR,4,Average,20+ Years
emp005,40,36,PhD,Finance,2,Poor,20+ Years
emp006,58,13,PhD,Tech,4,Average,11-20 Years
emp007,38,32,PhD,Tech,10,Excellent,20+ Years
emp008,42,7,PhD,Finance,10,Excellent,6-10 Years
emp009,30,22,Master,HR,3,Poor,20+ Years
emp010,30,28,Master,HR,10,Excellent,20+ Years
emp011,43,2,High School,Tech,1,Poor,0-5 Years
emp012,55,6,PhD,HR,8,Very Good,6-10 Years
emp013,59,28,High School,Sales,5,Average,20+ Years
emp014,43,28,PhD,Tech,4,Average,20+ Years
emp015,22,20,PhD,HR,8,Very Good,11-20 Years
emp016,41,30,Master,Tech,7,Good,20+ Years
emp017,21,11,Master,Sales,2,Poor,11-20 Years
emp018,43,28,Bachelor,Tech,1,Poor,20+ Years
emp019,49,25,Master,Tech,4,Average,20+ Years
emp020,57,39,Bachelor,Tech,8,Very Good,20+ Years
emp021,21,33,Bachelor,Tech,2,Poor,20+ Years
emp022,40,1,Bachelor,Sales,3,Poor,0-5 Years
emp023,52,27,Bachelor,Finance,1,Poor,20+ Years
emp024,31,13,Bachelor,Tech,1,Poor,11-20 Years
emp025,41,3,High School,Tech,3,Poor,0-5 Years
emp026,44,39,Master,HR,5,Average,20+ Years
emp027,46,6,Bachelor,Tech,3,Poor,6-10 Years
emp028,47,8,PhD,HR,1,Poor,6-10 Years
emp029,35,27,Master,Finance,1,Poor,20+ Years
emp030,34,9,Master,Sales,8,Very Good,6-10 Years
emp031,22,37,Bachelor,Sales,10,Excellent,20+ Years
emp032,56,33,High School,Finance,2,Poor,20+ Years
emp033,26,24,Bachelor,Sales,3,Poor,20+ Years
emp034,40,15,High School,Finance,2,Poor,11-20 Years
emp035,28,32,PhD,Finance,3,Poor,20+ Years
emp036,58,32,Master,Finance,7,Good,20+ Years
emp037,37,24,PhD,Sales,1,Poor,20+ Years
emp038,23,12,High School,HR,10,Excellent,11-20 Years
emp039,44,39,High School,Finance,8,Very Good,20+ Years
emp040,33,2,PhD,Tech,10,Excellent,0-5 Years
emp041,28,3,High School,Sales,10,Excellent,0-5 Years
emp042,45,37,PhD,Finance,10,Excellent,20+ Years
emp043,21,17,Master,Finance,2,Poor,11-20 Years
emp044,39,2,PhD,Tech,3,Poor,0-5 Years
emp045,47,2,Master,HR,9,Very Good,0-5 Years
emp046,26,28,PhD,HR,7,Good,20+ Years
emp047,27,23,High School,HR,4,Average,20+ Years
emp048,54,37,PhD,Finance,10,Excellent,20+ Years
emp049,33,32,High School,Finance,5,Average,20+ Years
emp050,36,33,PhD,Finance,2,Poor,20+ Years
emp051,55,1,PhD,Sales,8,Very Good,0-5 Years
emp052,59,19,Bachelor,Tech,4,Average,11-20 Years
emp053,23,2,High School,Finance,9,Very Good,0-5 Years
emp054,21,26,Bachelor,Tech,5,Average,20+ Years
emp055,25,32,High School,Tech,9,Very Good,20+ Years
emp056,23,6,Bachelor,HR,4,Average,6-10 Years
emp057,48,32,Master,Sales,10,Excellent,20+ Years
emp058,37,4,PhD,Finance,5,Average,0-5 Years
emp059,45,11,High School,HR,9,Very Good,11-20 Years
emp060,53,17,High School,HR,8,Very Good,11-20 Years
emp061,29,38,PhD,Finance,3,Poor,20+ Years
emp062,55,24,High School,Tech,1,Poor,20+ Years
emp063,33,5,High School,HR,3,Poor,0-5 Years
emp064,50,34,Bachelor,Tech,4,Average,20+ Years
emp065,34,6,High School,Sales,2,Poor,6-10 Years
emp066,27,22,Master,Tech,1,Poor,20+ Years
emp067,33,11,Master,Sales,7,Good,11-20 Years
emp068,42,16,PhD,Tech,8,Very Good,11-20 Years
emp069,59,33,High School,HR,7,Good,20+ Years
emp070,40,9,PhD,HR,5,Average,6-10 Years
emp071,35,6,Master,Sales,1,Poor,6-10 Years
emp072,37,16,High School,Finance,7,Good,11-20 Years
emp073,43,29,High School,Sales,7,Good,20+ Years
emp074,45,3,PhD,Sales,9,Very Good,0-5 Years
emp075,44,20,Master,Tech,3,Poor,11-20 Years
emp076,48,36,High School,Tech,9,Very Good,20+ Years
emp077,34,19,PhD,Sales,1,Poor,11-20 Years
emp078,20,26,Master,HR,1,Poor,20+ Years
emp079,44,3,PhD,Tech,4,Average,0-5 Years
emp080,26,19,Bachelor,Finance,9,Very Good,11-20 Years
emp081,28,20,High School,Tech,6,Good,11-20 Years
emp082,43,32,Bachelor,Tech,3,Poor,20+ Years
emp083,20,7,Master,Finance,1,Poor,6-10 Years
emp084,27,33,Bachelor,Sales,4,Average,20+ Years
emp085,43,39,Bachelor,Finance,9,Very Good,20+ Years
emp086,30,18,Master,Sales,3,Poor,11-20 Years
emp087,36,1,PhD,Sales,9,Very Good,0-5 Years
emp088,27,11,Bachelor,Sales,7,Good,11-20 Years
emp089,54,28,PhD,Finance,4,Average,20+ Years
emp090,54,25,Bachelor,Sales,3,Poor,20+ Years
emp091,52,23,PhD,HR,10,Excellent,20+ Years
emp092,24,31,Master,Finance,5,Average,20+ Years
emp093,58,30,Bachelor,HR,5,Average,20+ Years
emp094,47,35,Master,Sales,3,Poor,20+ Years
emp095,26,7,Bachelor,Tech,9,Very Good,6-10 Years
emp096,28,16,Master,Sales,4,Average,11-20 Years
emp097,27,26,Master,HR,5,Average,20+ Years
emp098,31,2,Bachelor,HR,4,Average,0-5 Years
emp099,53,1,Bachelor,Finance,5,Average,0-5 Years
emp100,52,12,Bachelor,Tech,7,Good,11-20 Years
emp101,42,5,High School,Finance,9,Very Good,0-5 Years
emp102,43,37,PhD,HR,7,Good,20+ Years
emp103,56,32,High School,Sales,5,Average,20+ Years
emp104,54,9,High School,Tech,10,Excellent,6-10 Years
emp105,59,35,Master,Sales,10,Excellent,20+ Years
emp106,41,19,Bachelor,Sales,7,Good,11-20 Years
emp107,46,16,PhD,Tech,10,Excellent,11-20 Years
emp108,54,3,Master,Finance,5,Average,0-5 Years
emp109,20,20,High School,Sales,3,Poor,11-20 Years
emp110,54,24,Bachelor,HR,7,Good,20+ Years
emp111,56,33,Master,Sales,2,Poor,20+ Years
emp112,33,24,Bachelor,Tech,9,Very Good,20+ Years
emp113,22,11,Master,Tech,10,Excellent,11-20 Years
emp114,20,8,Bachelor,Tech,10,Excellent,6-10 Years
emp115,24,36,High School,Finance,1,Poor,20+ Years
emp116,45,38,PhD,Sales,6,Good,20+ Years
emp117,33,20,High School,Finance,7,Good,11-20 Years
emp118,58,35,PhD,Finance,8,Very Good,20+ Years
emp119,46,25,Bachelor,Tech,10,Excellent,20+ Years
emp120,28,35,Master,Tech,9,Very Good,20+ Years
emp121,34,25,High School,Finance,2,Poor,20+ Years
emp122,34,29,PhD,Sales,10,Excellent,20+ Years
emp123,45,18,High School,HR,2,Poor,11-20 Years
emp124,32,18,PhD,Finance,5,Average,11-20 Years
emp125,51,2,High School,Sales,5,Average,0-5 Years
emp126,58,35,PhD,Tech,6,Good,20+ Years
emp127,51,16,PhD,Tech,3,Poor,11-20 Years
emp128,23,36,Bachelor,Sales,8,Very Good,20+ Years
emp129,49,33,PhD,HR,1,Poor,20+ Years
emp130,56,4,Bachelor,Tech,6,Good,0-5 Years
emp131,58,19,Bachelor,Tech,7,Good,11-20 Years
emp132,48,26,PhD,HR,5,Average,20+ Years
emp133,34,3,High School,HR,5,Average,0-5 Years
emp134,27,19,PhD,Tech,2,Poor,11-20 Years
emp135,40,20,High School,HR,3,Poor,11-20 Years
emp136,58,32,High School,Sales,7,Good,20+ Years
emp137,38,7,PhD,Sales,6,Good,6-10 Years
emp138,42,33,PhD,Tech,2,Poor,20+ Years
emp139,30,39,PhD,Finance,6,Good,20+ Years
emp140,30,18,PhD,Tech,2,Poor,11-20 Years
emp141,43,1,Master,Tech,2,Poor,0-5 Years
emp142,55,11,Bachelor,Finance,2,Poor,11-20 Years
emp143,59,28,High School,Finance,3,Poor,20+ Years
emp144,43,25,PhD,Finance,2,Poor,20+ Years
emp145,22,23,PhD,Sales,4,Average,20+ Years
emp146,41,31,PhD,HR,9,Very Good,20+ Years
emp147,21,30,Master,Sales,6,Good,20+ Years
emp148,43,35,PhD,HR,1,Poor,20+ Years
emp149,49,7,PhD,Sales,8,Very Good,6-10 Years
emp150,57,16,PhD,HR,7,Good,11-20 Years
emp151,21,26,Bachelor,Sales,10,Excellent,20+ Years
emp152,40,2,Master,Finance,3,Poor,0-5 Years
emp153,52,1,PhD,Tech,1,Poor,0-5 Years
emp154,31,12,High School,Sales,5,Average,11-20 Years
emp155,41,5,High School,HR,4,Average,0-5 Years
emp156,44,37,High School,Finance,10,Excellent,20+ Years
emp157,46,32,Master,Sales,8,Very Good,20+ Years
emp158,47,9,Master,Sales,1,Poor,6-10 Years
emp159,35,35,High School,Finance,10,Excellent,20+ Years
emp160,34,19,PhD,Sales,1,Poor,11-20 Years
emp161,22,16,Master,Tech,4,Average,11-20 Years
emp162,56,3,High School,Sales,8,Very Good,0-5 Years
emp163,26,20,High School,Tech,5,Average,11-20 Years
emp164,40,24,PhD,Tech,2,Poor,20+ Years
emp165,28,33,Bachelor,Finance,6,Good,20+ Years
emp166,58,24,Master,Sales,5,Average,20+ Years
emp167,37,11,PhD,Finance,2,Poor,11-20 Years
emp168,23,8,High School,Sales,3,Poor,6-10 Years
emp169,44,36,High School,Sales,9,Very Good,20+ Years
emp170,33,38,PhD,HR,7,Good,20+ Years
emp171,28,20,Master,Sales,7,Good,11-20 Years
emp172,45,35,Bachelor,Finance,6,Good,20+ Years
emp173,21,25,Bachelor,Tech,8,Very Good,20+ Years
emp174,39,35,High School,Sales,4,Average,20+ Years
emp175,47,25,Master,HR,8,Very Good,20+ Years
emp176,26,29,Bachelor,Finance,4,Average,20+ Years
emp177,27,18,Master,Sales,8,Very Good,11-20 Years
emp178,54,18,Master,Finance,9,Very Good,11-20 Years
emp179,33,2,High School,HR,3,Poor,0-5 Years
emp180,36,35,Bachelor,HR,3,Poor,20+ Years
emp181,55,16,PhD,Finance,2,Poor,11-20 Years
emp182,59,36,High School,Sales,10,Excellent,20+ Years
emp183,23,33,Bachelor,Tech,3,Poor,20+ Years
emp184,21,4,Bachelor,HR,3,Poor,0-5 Years
emp185,25,33,Bachelor,Sales,5,Average,20+ Years
emp186,23,14,Bachelor,Sales,5,Average,11-20 Years
emp187,48,21,Bachelor,Tech,2,Poor,20+ Years
emp188,37,20,Master,HR,10,Excellent,11-20 Years
emp189,45,8,High School,HR,6,Good,6-10 Years
emp190,53,7,Master,Sales,5,Average,6-10 Years
emp191,29,3,PhD,Sales,6,Good,0-5 Years
emp192,55,17,Bachelor,Tech,1,Poor,11-20 Years
emp193,33,33,High School,Tech,5,Average,20+ Years
emp194,50,12,Bachelor,HR,9,Very Good,11-20 Years
emp195,34,22,High School,Finance,10,Excellent,20+ Years
emp196,27,22,Master,HR,2,Poor,20+ Years
emp197,33,30,High School,Sales,1,Poor,20+ Years
emp198,42,38,PhD,HR,10,Excellent,20+ Years
emp199,59,38,PhD,Finance,9,Very Good,20+ Years
emp200,40,8,High School,Tech,10,Excellent,6-10 Years
emp201,35,27,High School,Finance,9,Very Good,20+ Years
emp202,37,27,High School,Finance,9,Very Good,20+ Years
emp203,43,34,High School,Finance,6,Good,20+ Years
emp204,45,21,PhD,Tech,8,Very Good,20+ Years
emp205,44,30,Bachelor,Finance,1,Poor,20+ Years
emp206,48,33,High School,Finance,10,Excellent,20+ Years
emp207,34,28,High School,Finance,4,Average,20+ Years
emp208,20,33,PhD,Sales,1,Poor,20+ Years
emp209,44,5,PhD,Finance,8,Very Good,0-5 Years
emp210,26,19,Master,Tech,1,Poor,11-20 Years
emp211,28,4,High School,Finance,3,Poor,0-5 Years
emp212,43,35,Master,Finance,4,Average,20+ Years
emp213,20,17,PhD,Tech,8,Very Good,11-20 Years
emp214,27,28,PhD,Finance,6,Good,20+ Years
emp215,43,30,Bachelor,Tech,10,Excellent,20+ Years
emp216,30,29,High School,Finance,7,Good,20+ Years
emp217,36,6,Master,Tech,8,Very Good,6-10 Years
emp218,27,35,PhD,Finance,2,Poor,20+ Years
emp219,54,37,PhD,Finance,10,Excellent,20+ Years
emp220,54,24,Master,Sales,8,Very Good,20+ Years
emp221,52,29,Bachelor,Sales,3,Poor,20+ Years
emp222,24,31,PhD,Finance,7,Good,20+ Years
emp223,58,35,High School,Finance,3,Poor,20+ Years
emp224,47,33,PhD,HR,7,Good,20+ Years
emp225,26,21,High School,Tech,2,Poor,20+ Years
emp226,28,32,Master,HR,10,Excellent,20+ Years
emp227,27,23,High School,Sales,6,Good,20+ Years
emp228,31,33,Master,Sales,3,Poor,20+ Years
emp229,53,3,High School,Sales,3,Poor,0-5 Years
emp230,52,18,Master,Sales,9,Very Good,11-20 Years
emp231,42,25,High School,Finance,7,Good,20+ Years
emp232,43,31,Bachelor,Sales,5,Average,20+ Years
emp233,56,3,High School,Finance,10,Excellent,0-5 Years
emp234,54,24,High School,Finance,7,Good,20+ Years
emp235,59,32,Bachelor,Sales,9,Very Good,20+ Years
emp236,41,22,PhD,Sales,1,Poor,20+ Years
emp237,46,23,PhD,Tech,7,Good,20+ Years
emp238,54,2,High School,HR,6,Good,0-5 Years
emp239,20,27,Bachelor,Sales,10,Excellent,20+ Years
emp240,54,2,High School,Tech,9,Very Good,0-5 Years
emp241,56,26,Master,Tech,1,Poor,20+ Years
emp242,33,17,Master,HR,4,Average,11-20 Years
emp243,22,33,High School,Finance,9,Very Good,20+ Years
emp244,20,9,PhD,Sales,4,Average,6-10 Years
emp245,24,39,PhD,HR,10,Excellent,20+ Years
emp246,45,29,High School,Sales,3,Poor,20+ Years
emp247,33,26,High School,Tech,9,Very Good,20+ Years
emp248,58,35,Master,Tech,2,Poor,20+ Years
emp249,46,25,PhD,Finance,4,Average,20+ Years
emp250,28,24,High School,Tech,6,Good,20+ Years
emp251,34,13,Master,Tech,2,Poor,11-20 Years
emp252,34,7,PhD,HR,8,Very Good,6-10 Years
emp253,45,36,Bachelor,Sales,8,Very Good,20+ Years
emp254,32,20,Master,Sales,1,Poor,11-20 Years
emp255,51,1,PhD,HR,3,Poor,0-5 Years
emp256,58,8,PhD,Finance,10,Excellent,6-10 Years
emp257,51,16,Master,Sales,9,Very Good,11-20 Years
emp258,23,14,Bachelor,Tech,5,Average,11-20 Years
emp259,49,12,Master,Sales,6,Good,11-20 Years
emp260,56,23,PhD,Tech,4,Average,20+ Years
emp261,42,15,High School,Finance,10,Excellent,11-20 Years
emp262,58,28,High School,HR,2,Poor,20+ Years
emp263,34,34,Master,Sales,8,Very Good,20+ Years
emp264,48,2,PhD,HR,6,Good,0-5 Years
emp265,55,32,High School,Sales,5,Average,20+ Years
emp266,32,23,PhD,Tech,9,Very Good,20+ Years
emp267,51,22,Master,HR,1,Poor,20+ Years
emp268,26,25,High School,Sales,5,Average,20+ Years
emp269,41,22,PhD,Tech,6,Good,20+ Years
emp270,47,22,High School,HR,5,Average,20+ Years
emp271,21,6,Master,HR,6,Good,6-10 Years
emp272,25,15,PhD,Sales,6,Good,11-20 Years
emp273,47,37,High School,Sales,7,Good,20+ Years
emp274,47,33,Master,Sales,4,Average,20+ Years
emp275,39,8,High School,Tech,8,Very Good,6-10 Years
emp276,49,5,High School,Sales,7,Good,0-5 Years
emp277,30,39,Bachelor,HR,9,Very Good,20+ Years
emp278,47,4,Bachelor,HR,7,Good,0-5 Years
emp279,44,6,Master,Sales,3,Poor,6-10 Years
emp280,58,32,Bachelor,Sales,3,Poor,20+ Years
emp281,52,30,Master,Finance,8,Very Good,20+ Years
emp282,20,35,Bachelor,HR,5,Average,20+ Years
emp283,46,16,High School,Tech,4,Average,11-20 Years
emp284,32,13,Master,Finance,8,Very Good,11-20 Years
emp285,22,30,Master,Sales,6,Good,20+ Years
emp286,58,19,High School,Sales,2,Poor,11-20 Years
emp287,25,17,Master,HR,4,Average,11-20 Years
emp288,27,19,Master,Sales,4,Average,11-20 Years
emp289,46,28,Bachelor,Tech,6,Good,20+ Years
emp290,28,26,Master,HR,6,Good,20+ Years
emp291,56,37,PhD,Sales,1,Poor,20+ Years
emp292,52,26,High School,HR,8,Very Good,20+ Years
emp293,43,23,Bachelor,Sales,6,Good,20+ Years
emp294,34,9,Bachelor,Sales,3,Poor,6-10 Years
emp295,51,12,PhD,Sales,9,Very Good,11-20 Years
emp296,51,1,High School,Tech,2,Poor,0-5 Years
emp297,43,1,High School,Tech,8,Very Good,0-5 Years
emp298,31,34,Bachelor,HR,10,Excellent,20+ Years
emp299,58,32,Master,Sales,3,Poor,20+ Years
emp300,21,25,Bachelor,Sales,5,Average,20+ Years
emp301,22,1,High School,Tech,6,Good,0-5 Years
emp302,56,16,PhD,Sales,10,Excellent,11-20 Years
emp303,36,39,Bachelor,Tech,6,Good,20+ Years
emp304,21,5,High School,Sales,4,Average,0-5 Years
emp305,21,22,Bachelor,HR,3,Poor,20+ Years
emp306,47,29,Master,Sales,4,Average,20+ Years
emp307,42,3,Bachelor,Sales,1,Poor,0-5 Years
emp308,56,12,Bachelor,Finance,4,Average,11-20 Years
emp309,51,26,High School,Tech,1,Poor,20+ Years
emp310,52,16,High School,Sales,1,Poor,11-20 Years
emp311,20,37,High School,Sales,10,Excellent,20+ Years
emp312,38,22,Bachelor,Finance,6,Good,20+ Years
emp313,21,29,Master,Finance,5,Average,20+ Years
emp314,45,14,PhD,Tech,4,Average,11-20 Years
emp315,51,28,PhD,Finance,3,Poor,20+ Years
emp316,25,5,High School,HR,1,Poor,0-5 Years
emp317,51,30,High School,Finance,6,Good,20+ Years
emp318,23,5,Bachelor,HR,2,Poor,0-5 Years
emp319,30,12,PhD,Tech,8,Very Good,11-20 Years
emp320,36,16,High School,Tech,10,Excellent,11-20 Years
emp321,57,26,Master,Tech,5,Average,20+ Years
emp322,43,26,Master,Tech,7,Good,20+ Years
emp323,24,21,High School,Tech,10,Excellent,20+ Years
emp324,53,39,High School,HR,2,Poor,20+ Years
emp325,25,36,PhD,HR,8,Very Good,20+ Years
emp326,41,33,PhD,Tech,2,Poor,20+ Years
emp327,30,30,Bachelor,Finance,4,Average,20+ Years
emp328,35,37,PhD,Sales,1,Poor,20+ Years
emp329,52,23,Master,Tech,5,Average,20+ Years
emp330,28,10,Master,Finance,9,Very Good,6-10 Years
emp331,25,5,High School,Sales,1,Poor,0-5 Years
emp332,35,36,PhD,Tech,9,Very Good,20+ Years
emp333,48,34,Bachelor,Tech,8,Very Good,20+ Years
emp334,22,31,Master,HR,6,Good,20+ Years
emp335,39,10,Master,Sales,7,Good,6-10 Years
emp336,55,19,Bachelor,Sales,3,Poor,11-20 Years
emp337,58,31,Bachelor,HR,2,Poor,20+ Years
emp338,48,3,PhD,HR,1,Poor,0-5 Years
emp339,34,24,Master,HR,3,Poor,20+ Years
emp340,27,32,High School,Finance,6,Good,20+ Years
emp341,40,22,Master,Sales,8,Very Good,20+ Years
emp342,58,23,High School,Finance,9,Very Good,20+ Years
emp343,38,2,Bachelor,Finance,7,Good,0-5 Years
emp344,42,27,Master,HR,4,Average,20+ Years
emp345,30,2,High School,Tech,6,Good,0-5 Years
emp346,30,26,Bachelor,Tech,5,Average,20+ Years
emp347,43,17,Master,Finance,8,Very Good,11-20 Years
emp348,55,33,Master,Finance,1,Poor,20+ Years
emp349,59,9,High School,HR,1,Poor,6-10 Years
emp350,43,39,High School,Finance,6,Good,20+ Years
emp351,22,29,High School,HR,10,Excellent,20+ Years
emp352,41,26,Bachelor,Tech,2,Poor,20+ Years
emp353,21,35,High School,Tech,5,Average,20+ Years
emp354,43,25,Master,Sales,1,Poor,20+ Years
emp355,49,24,Master,Tech,7,Good,20+ Years
emp356,57,13,High School,Finance,1,Poor,11-20 Years
emp357,21,7,High School,Tech,4,Average,6-10 Years
emp358,40,36,PhD,HR,9,Very Good,20+ Years
emp359,52,20,Master,Tech,1,Poor,11-20 Years
emp360,31,1,Bachelor,Sales,4,Average,0-5 Years
emp361,41,8,PhD,Tech,6,Good,6-10 Years
emp362,44,16,High School,HR,6,Good,11-20 Years
emp363,46,14,High School,HR,8,Very Good,11-20 Years
emp364,47,12,Master,Finance,1,Poor,11-20 Years
emp365,35,23,High School,Tech,7,Good,20+ Years
emp366,34,15,Bachelor,HR,1,Poor,11-20 Years
emp367,22,28,Master,Sales,7,Good,20+ Years
emp368,56,34,High School,Finance,3,Poor,20+ Years
emp369,26,2,Master,Sales,8,Very Good,0-5 Years
emp370,40,32,High School,Tech,3,Poor,20+ Years
emp371,28,23,High School,Tech,1,Poor,20+ Years
emp372,58,22,High School,Tech,8,Very Good,20+ Years
emp373,37,25,Bachelor,Finance,3,Poor,20+ Years
emp374,23,22,Bachelor,HR,2,Poor,20+ Years
emp375,44,22,Master,Finance,1,Poor,20+ Years
emp376,33,6,High School,Sales,3,Poor,6-10 Years
emp377,28,15,High School,Finance,2,Poor,11-20 Years
emp378,45,37,Bachelor,Sales,2,Poor,20+ Years
emp379,21,33,High School,Finance,6,Good,20+ Years
emp380,39,8,Bachelor,HR,1,Poor,6-10 Years
emp381,47,5,High School,Sales,2,Poor,0-5 Years
emp382,26,39,Master,Tech,6,Good,20+ Years
emp383,27,4,High School,Tech,3,Poor,0-5 Years
emp384,54,6,High School,Finance,4,Average,6-10 Years
emp385,33,32,PhD,Tech,1,Poor,20+ Years
emp386,36,30,Bachelor,Sales,8,Very Good,20+ Years
emp387,55,35,High School,Tech,7,Good,20+ Years
emp388,59,16,High School,HR,7,Good,11-20 Years
emp389,23,13,PhD,HR,3,Poor,11-20 Years
emp390,21,30,PhD,Finance,10,Excellent,20+ Years
emp391,25,19,Bachelor,Sales,10,Excellent,11-20 Years
emp392,23,17,PhD,HR,3,Poor,11-20 Years
emp393,48,19,Master,HR,2,Poor,11-20 Years
emp394,37,28,PhD,Sales,1,Poor,20+ Years
emp395,45,26,Master,Tech,7,Good,20+ Years
emp396,53,37,Bachelor,Tech,7,Good,20+ Years
emp397,29,26,Bachelor,Finance,2,Poor,20+ Years
emp398,55,23,Bachelor,Tech,7,Good,20+ Years
emp399,33,9,Bachelor,Sales,8,Very Good,6-10 Years
emp400,50,12,Bachelor,HR,1,Poor,11-20 Years
emp401,34,1,Master,Tech,9,Very Good,0-5 Years
emp402,27,1,Master,Finance,7,Good,0-5 Years
emp403,33,34,Bachelor,Tech,3,Poor,20+ Years
emp404,42,32,PhD,Sales,8,Very Good,20+ Years
emp405,59,25,High School,Finance,7,Good,20+ Years
emp406,40,1,Bachelor,Tech,8,Very Good,0-5 Years
emp407,35,16,PhD,Finance,6,Good,11-20 Years
emp408,37,39,High School,Sales,9,Very Good,20+ Years
emp409,43,5,Bachelor,HR,5,Average,0-5 Years
emp410,45,22,Bachelor,Sales,3,Poor,20+ Years
emp411,44,29,Master,Sales,3,Poor,20+ Years
emp412,48,3,High School,Sales,1,Poor,0-5 Years
emp413,34,12,High School,Sales,8,Very Good,11-20 Years
emp414,20,26,PhD,HR,2,Poor,20+ Years
emp415,44,16,Master,HR,3,Poor,11-20 Years
emp416,26,37,Master,Finance,8,Very Good,20+ Years
emp417,28,22,Master,Tech,8,Very Good,20+ Years
emp418,43,29,Master,HR,4,Average,20+ Years
emp419,20,14,High School,HR,4,Average,11-20 Years
emp420,27,28,High School,Tech,5,Average,20+ Years
emp421,43,5,Bachelor,HR,6,Good,0-5 Years
emp422,30,30,Bachelor,Sales,5,Average,20+ Years
emp423,36,5,Master,Sales,7,Good,0-5 Years
emp424,27,12,Master,Tech,2,Poor,11-20 Years
emp425,54,16,Master,Finance,7,Good,11-20 Years
emp426,54,26,Bachelor,Finance,10,Excellent,20+ Years
emp427,52,26,PhD,Tech,7,Good,20+ Years
emp428,24,21,PhD,Tech,1,Poor,20+ Years
emp429,58,39,Bachelor,Sales,7,Good,20+ Years
emp430,47,36,Bachelor,Finance,5,Average,20+ Years
emp431,26,33,Bachelor,HR,3,Poor,20+ Years
emp432,28,30,Bachelor,Sales,3,Poor,20+ Years
emp433,27,37,Bachelor,Tech,4,Average,20+ Years
emp434,31,23,Bachelor,Finance,2,Poor,20+ Years
emp435,53,10,Master,HR,2,Poor,6-10 Years
emp436,52,5,Master,HR,1,Poor,0-5 Years
emp437,42,36,Master,Sales,5,Average,20+ Years
emp438,43,34,Master,Finance,4,Average,20+ Years
emp439,56,31,Bachelor,Finance,10,Excellent,20+ Years
emp440,54,10,PhD,Tech,2,Poor,6-10 Years
emp441,59,19,High School,Finance,3,Poor,11-20 Years
emp442,41,32,Bachelor,Finance,7,Good,20+ Years
emp443,46,1,High School,Sales,7,Good,0-5 Years
emp444,54,5,PhD,Finance,4,Average,0-5 Years
emp445,20,4,Master,HR,5,Average,0-5 Years
emp446,54,16,PhD,Sales,5,Average,11-20 Years
emp447,56,24,Bachelor,Sales,6,Good,20+ Years
emp448,33,16,Master,Tech,9,Very Good,11-20 Years
emp449,22,2,Bachelor,Finance,2,Poor,0-5 Years
emp450,20,28,Master,Tech,5,Average,20+ Years
emp451,24,32,High School,HR,3,Poor,20+ Years
emp452,45,27,High School,Sales,4,Average,20+ Years
emp453,33,20,High School,Sales,10,Excellent,11-20 Years
emp454,58,24,PhD,Sales,6,Good,20+ Years
emp455,46,12,Bachelor,HR,8,Very Good,11-20 Years
emp456,28,35,PhD,HR,1,Poor,20+ Years
emp457,34,33,High School,Tech,10,Excellent,20+ Years
emp458,34,33,Bachelor,Tech,8,Very Good,20+ Years
emp459,45,37,High School,Tech,7,Good,20+ Years
emp460,32,12,PhD,Finance,1,Poor,11-20 Years
emp461,51,3,PhD,Sales,2,Poor,0-5 Years
emp462,58,1,PhD,Sales,3,Poor,0-5 Years
emp463,51,33,High School,Tech,1,Poor,20+ Years
emp464,23,10,Bachelor,Sales,9,Very Good,6-10 Years
emp465,49,29,Bachelor,Tech,8,Very Good,20+ Years
emp466,56,13,High School,Finance,2,Poor,11-20 Years
emp467,42,12,Bachelor,Finance,9,Very Good,11-20 Years
emp468,58,31,High School,HR,7,Good,20+ Years
emp469,34,2,Bachelor,Finance,9,Very Good,0-5 Years
emp470,48,35,Master,Tech,6,Good,20+ Years
emp471,55,23,Master,Finance,6,Good,20+ Years
emp472,32,17,PhD,HR,4,Average,11-20 Years
emp473,51,26,Master,Sales,10,Excellent,20+ Years
emp474,26,8,Master,Tech,10,Excellent,6-10 Years
emp475,41,29,Master,Sales,2,Poor,20+ Years
emp476,47,26,High School,HR,7,Good,20+ Years
emp477,21,10,Master,HR,5,Average,6-10 Years
emp478,25,26,Master,HR,6,Good,20+ Years
emp479,47,34,PhD,Sales,2,Poor,20+ Years
emp480,47,7,Master,Sales,5,Average,6-10 Years
emp481,39,4,Master,Sales,10,Excellent,0-5 Years
emp482,49,11,Bachelor,Sales,4,Average,11-20 Years
emp483,30,29,PhD,HR,9,Very Good,20+ Years
emp484,47,36,PhD,HR,6,Good,20+ Years
emp485,44,25,PhD,Tech,2,Poor,20+ Years
emp486,58,21,PhD,Tech,1,Poor,20+ Years
emp487,52,36,PhD,Sales,5,Average,20+ Years
emp488,20,10,PhD,Finance,9,Very Good,6-10 Years
emp489,46,37,High School,Finance,6,Good,20+ Years
emp490,32,9,Master,HR,10,Excellent,6-10 Years
emp491,22,24,PhD,HR,7,Good,20+ Years
emp492,58,35,Master,HR,5,Average,20+ Years
emp493,25,35,Master,Tech,10,Excellent,20+ Years
emp494,27,36,High School,Tech,6,Good,20+ Years
emp495,46,18,PhD,HR,5,Average,11-20 Years
emp496,28,39,Bachelor,HR,9,Very Good,20+ Years
emp497,56,32,High School,HR,6,Good,20+ Years
emp498,52,24,Bachelor,Finance,8,Very Good,20+ Years
emp499,43,23,Master,Tech,2,Poor,20+ Years
emp500,34,32,Master,Finance,9,Very Good,20+ Years
emp501,51,37,High School,Finance,5,Average,20+ Years
emp502,51,12,High School,HR,7,Good,11-20 Years
emp503,43,13,Bachelor,HR,10,Excellent,11-20 Years
emp504,31,23,PhD,Sales,1,Poor,20+ Years
emp505,58,25,Bachelor,Sales,10,Excellent,20+ Years
emp506,21,35,High School,Finance,5,Average,20+ Years
emp507,22,30,Bachelor,Tech,10,Excellent,20+ Years
emp508,56,17,High School,HR,2,Poor,11-20 Years
emp509,36,20,Bachelor,HR,6,Good,11-20 Years
emp510,21,25,High School,Finance,1,Poor,20+ Years
emp511,21,22,High School,Sales,3,Poor,20+ Years
emp512,47,13,High School,Tech,5,Average,11-20 Years
emp513,42,19,PhD,Sales,4,Average,11-20 Years
emp514,56,36,Bachelor,Sales,3,Poor,20+ Years
emp515,51,12,Bachelor,Sales,10,Excellent,11-20 Years
emp516,52,19,Bachelor,Sales,5,Average,11-20 Years
emp517,20,12,High School,HR,8,Very Good,11-20 Years
emp518,38,9,Bachelor,HR,4,Average,6-10 Years
emp519,21,7,Bachelor,Sales,1,Poor,6-10 Years
emp520,45,28,High School,Tech,7,Good,20+ Years
emp521,51,14,Master,Finance,8,Very Good,11-20 Years
emp522,25,31,High School,Tech,3,Poor,20+ Years
emp523,51,19,Bachelor,Tech,6,Good,11-20 Years
emp524,23,16,High School,Tech,2,Poor,11-20 Years
emp525,30,5,Master,Sales,7,Good,0-5 Years
emp526,36,35,High School,HR,8,Very Good,20+ Years
emp527,57,12,Bachelor,Tech,6,Good,11-20 Years
emp528,43,25,Master,Sales,6,Good,20+ Years
emp529,24,21,PhD,Tech,5,Average,20+ Years
emp530,53,36,Bachelor,Tech,8,Very Good,20+ Years
emp531,25,23,Master,Sales,1,Poor,20+ Years
emp532,41,16,Master,HR,10,Excellent,11-20 Years
emp533,30,39,PhD,HR,4,Average,20+ Years
emp534,35,39,High School,Finance,4,Average,20+ Years
emp535,52,14,High School,Sales,3,Poor,11-20 Years
emp536,28,31,Bachelor,Finance,3,Poor,20+ Years
emp537,25,5,PhD,Finance,4,Average,0-5 Years
emp538,35,35,High School,Finance,1,Poor,20+ Years
emp539,48,23,PhD,HR,2,Poor,20+ Years
emp540,22,29,High School,Sales,9,Very Good,20+ Years
emp541,39,11,Master,Finance,10,Excellent,11-20 Years
emp542,55,18,High School,Sales,2,Poor,11-20 Years
emp543,38,12,PhD,Sales,5,Average,11-20 Years
emp544,45,9,Master,HR,9,Very Good,6-10 Years
emp545,22,10,Master,Finance,9,Very Good,6-10 Years
emp546,38,17,Master,Finance,8,Very Good,11-20 Years
emp547,39,38,PhD,Sales,1,Poor,20+ Years
emp548,51,7,Bachelor,Tech,1,Poor,6-10 Years
emp549,26,13,Bachelor,HR,9,Very Good,11-20 Years
emp550,52,9,Bachelor,HR,8,Very Good,6-10 Years
emp551,59,27,PhD,HR,10,Excellent,20+ Years
emp552,58,2,Master,HR,9,Very Good,0-5 Years
emp553,37,5,Bachelor,Finance,7,Good,0-5 Years
emp554,59,29,PhD,Finance,3,Poor,20+ Years
emp555,20,37,Bachelor,Tech,3,Poor,20+ Years
emp556,30,38,High School,HR,2,Poor,20+ Years
emp557,47,19,Bachelor,HR,5,Average,11-20 Years
emp558,44,8,Bachelor,Sales,3,Poor,6-10 Years
emp559,42,1,Master,Finance,6,Good,0-5 Years
emp560,50,22,PhD,HR,2,Poor,20+ Years
emp561,49,17,Master,Tech,3,Poor,11-20 Years
emp562,54,7,Master,Tech,5,Average,6-10 Years
emp563,26,25,Master,Finance,1,Poor,20+ Years
emp564,35,4,Master,Tech,1,Poor,0-5 Years
emp565,45,36,Master,Tech,10,Excellent,20+ Years
emp566,21,6,Bachelor,Finance,9,Very Good,6-10 Years
emp567,20,31,Master,HR,7,Good,20+ Years
emp568,31,19,Master,HR,1,Poor,11-20 Years
emp569,24,39,PhD,Tech,8,Very Good,20+ Years
emp570,56,27,High School,Tech,3,Poor,20+ Years
emp571,51,10,Bachelor,HR,8,Very Good,6-10 Years
emp572,28,26,Bachelor,Finance,5,Average,20+ Years
emp573,54,19,Bachelor,Tech,1,Poor,11-20 Years
emp574,38,39,Master,Sales,7,Good,20+ Years
emp575,35,3,Master,Finance,5,Average,0-5 Years
emp576,22,13,Master,Tech,6,Good,11-20 Years
emp577,39,28,PhD,Tech,6,Good,20+ Years
emp578,43,20,High School,Sales,8,Very Good,11-20 Years
emp579,52,28,Master,Sales,9,Very Good,20+ Years
emp580,43,8,High School,HR,2,Poor,6-10 Years
emp581,30,39,PhD,Finance,9,Very Good,20+ Years
emp582,27,1,Bachelor,Finance,10,Excellent,0-5 Years
emp583,55,3,Master,HR,9,Very Good,0-5 Years
emp584,57,13,High School,Finance,10,Excellent,11-20 Years
emp585,59,28,High School,Finance,10,Excellent,20+ Years
emp586,39,25,Master,Finance,7,Good,20+ Years
emp587,54,33,Bachelor,Finance,1,Poor,20+ Years
emp588,44,38,Bachelor,Finance,7,Good,20+ Years
emp589,54,6,Bachelor,Sales,10,Excellent,6-10 Years
emp590,44,32,PhD,Finance,5,Average,20+ Years
emp591,48,21,High School,Sales,6,Good,20+ Years
emp592,37,16,High School,Finance,10,Excellent,11-20 Years
emp593,37,21,High School,HR,7,Good,20+ Years
emp594,21,11,PhD,Tech,5,Average,11-20 Years
emp595,54,37,High School,Sales,7,Good,20+ Years
emp596,35,36,PhD,Finance,9,Very Good,20+ Years
emp597,55,35,Bachelor,HR,3,Poor,20+ Years
emp598,52,19,Master,Tech,8,Very Good,11-20 Years
emp599,23,20,High School,Sales,2,Poor,11-20 Years
emp600,52,18,High School,Tech,7,Good,11-20 Years
emp601,33,14,Bachelor,HR,2,Poor,11-20 Years
emp602,40,15,Master,Sales,4,Average,11-20 Years
emp603,39,31,PhD,Tech,7,Good,20+ Years
emp604,27,1,Master,Finance,3,Poor,0-5 Years
emp605,26,3,Bachelor,Sales,2,Poor,0-5 Years
emp606,22,16,Bachelor,Tech,10,Excellent,11-20 Years
emp607,36,23,Master,HR,7,Good,20+ Years
emp608,52,11,PhD,HR,1,Poor,11-20 Years
emp609,31,12,PhD,Sales,8,Very Good,11-20 Years
emp610,41,10,High School,Tech,3,Poor,6-10 Years
emp611,41,32,PhD,Sales,2,Poor,20+ Years
emp612,49,16,Master,Sales,3,Poor,11-20 Years
emp613,57,8,Bachelor,Tech,5,Average,6-10 Years
emp614,57,38,High School,Tech,8,Very Good,20+ Years
emp615,27,12,High School,Finance,10,Excellent,11-20 Years
emp616,46,24,Bachelor,Tech,7,Good,20+ Years
emp617,46,28,PhD,HR,7,Good,20+ Years
emp618,53,8,Bachelor,Sales,7,Good,6-10 Years
emp619,40,28,PhD,Sales,8,Very Good,20+ Years
emp620,49,36,Bachelor,HR,1,Poor,20+ Years
emp621,52,26,Master,Tech,4,Average,20+ Years
emp622,47,8,PhD,HR,6,Good,6-10 Years
emp623,52,28,Master,HR,9,Very Good,20+ Years
emp624,24,28,High School,Finance,2,Poor,20+ Years
emp625,38,37,Bachelor,HR,1,Poor,20+ Years
emp626,23,36,High School,Sales,10,Excellent,20+ Years
emp627,54,27,High School,HR,2,Poor,20+ Years
emp628,36,17,High School,Sales,7,Good,11-20 Years
emp629,47,9,High School,Sales,3,Poor,6-10 Years
emp630,49,33,Bachelor,Sales,10,Excellent,20+ Years
emp631,48,20,High School,Tech,2,Poor,11-20 Years
emp632,25,13,Bachelor,Finance,7,Good,11-20 Years
emp633,54,28,Bachelor,Sales,2,Poor,20+ Years
emp634,56,29,Master,Sales,3,Poor,20+ Years
emp635,43,13,PhD,Tech,7,Good,11-20 Years
emp636,48,35,PhD,Sales,4,Average,20+ Years
emp637,50,6,Bachelor,HR,1,Poor,6-10 Years
emp638,54,18,Master,HR,5,Average,11-20 Years
emp639,52,5,Bachelor,Finance,9,Very Good,0-5 Years
emp640,40,25,Bachelor,Sales,8,Very Good,20+ Years
emp641,51,2,Bachelor,Tech,9,Very Good,0-5 Years
emp642,42,10,Master,HR,10,Excellent,6-10 Years
emp643,52,30,PhD,Tech,9,Very Good,20+ Years
emp644,22,5,Master,Tech,7,Good,0-5 Years
emp645,37,33,High School,HR,4,Average,20+ Years
emp646,44,1,Master,Tech,5,Average,0-5 Years
emp647,58,30,Bachelor,Sales,9,Very Good,20+ Years
emp648,48,11,High School,Tech,4,Average,11-20 Years
emp649,34,28,Bachelor,HR,10,Excellent,20+ Years
emp650,27,25,High School,HR,5,Average,20+ Years
emp651,40,39,Bachelor,Sales,9,Very Good,20+ Years
emp652,58,33,Master,Finance,8,Very Good,20+ Years
emp653,38,1,PhD,Sales,3,Poor,0-5 Years
emp654,42,27,High School,Sales,1,Poor,20+ Years
emp655,30,13,High School,Tech,3,Poor,11-20 Years
emp656,30,3,PhD,Tech,4,Average,0-5 Years
emp657,43,39,High School,Sales,2,Poor,20+ Years
emp658,55,6,High School,HR,1,Poor,6-10 Years
emp659,59,8,Bachelor,Tech,7,Good,6-10 Years
emp660,43,27,High School,Finance,8,Very Good,20+ Years
emp661,22,9,Master,Tech,7,Good,6-10 Years
emp662,41,37,Master,Tech,5,Average,20+ Years
emp663,21,33,PhD,Finance,1,Poor,20+ Years
emp664,43,24,High School,Sales,7,Good,20+ Years
emp665,49,15,PhD,Finance,7,Good,11-20 Years
emp666,57,32,Master,Sales,9,Very Good,20+ Years
emp667,21,32,High School,Sales,3,Poor,20+ Years
emp668,40,24,High School,Sales,9,Very Good,20+ Years
emp669,52,12,PhD,Finance,1,Poor,11-20 Years
emp670,31,39,Master,Sales,1,Poor,20+ Years
emp671,41,2,High School,HR,4,Average,0-5 Years
emp672,44,3,PhD,Finance,9,Very Good,0-5 Years
emp673,46,37,Master,HR,6,Good,20+ Years
emp674,47,17,PhD,Sales,3,Poor,11-20 Years
emp675,35,2,Bachelor,Tech,1,Poor,0-5 Years
emp676,34,2,High School,Sales,4,Average,0-5 Years
emp677,22,28,Bachelor,HR,9,Very Good,20+ Years
emp678,56,23,Master,HR,3,Poor,20+ Years
emp679,26,37,Bachelor,Finance,9,Very Good,20+ Years
emp680,40,32,Bachelor,Tech,7,Good,20+ Years
emp681,28,33,Master,Finance,4,Average,20+ Years
emp682,58,1,PhD,HR,3,Poor,0-5 Years
emp683,37,19,Bachelor,Sales,10,Excellent,11-20 Years
emp684,23,2,PhD,Tech,5,Average,0-5 Years
emp685,44,26,Bachelor,Sales,5,Average,20+ Years
emp686,33,32,PhD,Sales,3,Poor,20+ Years
emp687,28,6,Master,Tech,9,Very Good,6-10 Years
emp688,45,32,Bachelor,Finance,4,Average,20+ Years
emp689,21,4,Master,Sales,5,Average,0-5 Years
emp690,39,11,Bachelor,HR,4,Average,11-20 Years
emp691,47,17,Master,Sales,5,Average,11-20 Years
emp692,26,38,Master,Tech,7,Good,20+ Years
emp693,27,24,Bachelor,Tech,9,Very Good,20+ Years
emp694,54,5,Bachelor,Tech,7,Good,0-5 Years
emp695,33,34,Bachelor,Finance,5,Average,20+ Years
emp696,36,6,High School,Sales,10,Excellent,6-10 Years
emp697,55,22,PhD,Finance,10,Excellent,20+ Years
emp698,59,11,High School,Finance,7,Good,11-20 Years
emp699,23,16,High School,Tech,10,Excellent,11-20 Years
emp700,21,33,Master,Tech,5,Average,20+ Years
emp701,25,9,Bachelor,Finance,3,Poor,6-10 Years
emp702,23,6,PhD,Sales,7,Good,6-10 Years
emp703,48,16,Master,HR,2,Poor,11-20 Years
emp704,37,29,High School,Finance,9,Very Good,20+ Years
emp705,45,3,Bachelor,Sales,10,Excellent,0-5 Years
emp706,53,20,Master,Tech,10,Excellent,11-20 Years
emp707,29,36,Bachelor,Tech,1,Poor,20+ Years
emp708,55,19,Master,Sales,6,Good,11-20 Years
emp709,33,26,Bachelor,HR,7,Good,20+ Years
emp710,50,3,High School,Tech,8,Very Good,0-5 Years
emp711,34,19,PhD,Tech,10,Excellent,11-20 Years
emp712,27,20,High School,Tech,9,Very Good,11-20 Years
emp713,33,32,PhD,Sales,2,Poor,20+ Years
emp714,42,7,Bachelor,Finance,10,Excellent,6-10 Years
emp715,59,33,Master,Tech,2,Poor,20+ Years
emp716,40,39,High School,Finance,5,Average,20+ Years
emp717,35,18,PhD,HR,5,Average,11-20 Years
emp718,37,1,High School,Tech,6,Good,0-5 Years
emp719,43,11,PhD,Tech,3,Poor,11-20 Years
emp720,45,28,High School,HR,8,Very Good,20+ Years
emp721,44,25,PhD,Tech,1,Poor,20+ Years
emp722,48,23,PhD,Finance,6,Good,20+ Years
emp723,34,31,Bachelor,Sales,4,Average,20+ Years
emp724,20,30,PhD,Finance,1,Poor,20+ Years
emp725,44,35,Bachelor,Sales,7,Good,20+ Years
emp726,26,7,PhD,Sales,9,Very Good,6-10 Years
emp727,28,16,Master,Finance,4,Average,11-20 Years
emp728,43,26,Master,Finance,4,Average,20+ Years
emp729,20,2,Master,Finance,6,Good,0-5 Years
emp730,27,1,PhD,Finance,3,Poor,0-5 Years
emp731,43,12,Bachelor,HR,6,Good,11-20 Years
emp732,30,5,Bachelor,Tech,7,Good,0-5 Years
emp733,36,37,PhD,Sales,10,Excellent,20+ Years
emp734,27,32,Master,Finance,10,Excellent,20+ Years
emp735,54,9,Master,Finance,3,Poor,6-10 Years
emp736,54,35,Bachelor,Finance,7,Good,20+ Years
emp737,52,19,Master,HR,3,Poor,11-20 Years
emp738,24,16,High School,Finance,2,Poor,11-20 Years
emp739,58,3,Bachelor,Finance,10,Excellent,0-5 Years
emp740,47,20,Master,Finance,4,Average,11-20 Years
emp741,26,24,Bachelor,Tech,8,Very Good,20+ Years
emp742,28,33,High School,HR,9,Very Good,20+ Years
emp743,27,24,Bachelor,Finance,7,Good,20+ Years
emp744,31,11,Bachelor,Sales,1,Poor,11-20 Years
emp745,53,8,Bachelor,Sales,3,Poor,6-10 Years
emp746,52,36,Bachelor,Sales,9,Very Good,20+ Years
emp747,42,38,High School,HR,1,Poor,20+ Years
emp748,43,20,PhD,HR,9,Very Good,11-20 Years
emp749,56,35,Bachelor,Sales,8,Very Good,20+ Years
emp750,54,25,Bachelor,Finance,1,Poor,20+ Years
emp751,59,35,Master,HR,6,Good,20+ Years
emp752,41,25,Bachelor,Sales,5,Average,20+ Years
emp753,46,29,Master,Sales,6,Good,20+ Years
emp754,54,18,PhD,Finance,10,Excellent,11-20 Years
emp755,20,18,High School,Tech,5,Average,11-20 Years
emp756,54,2,High School,HR,6,Good,0-5 Years
emp757,56,35,PhD,Finance,5,Average,20+ Years
emp758,33,16,High School,Sales,5,Average,11-20 Years
emp759,22,36,PhD,Sales,4,Average,20+ Years
emp760,20,33,PhD,Finance,3,Poor,20+ Years
emp761,24,4,PhD,HR,3,Poor,0-5 Years
emp762,45,33,High School,Tech,4,Average,20+ Years
emp763,33,14,Master,Tech,9,Very Good,11-20 Years
emp764,58,21,PhD,Sales,2,Poor,20+ Years
emp765,46,20,Bachelor,HR,9,Very Good,11-20 Years
emp766,28,8,High School,Tech,1,Poor,6-10 Years
emp767,34,7,PhD,HR,1,Poor,6-10 Years
emp768,34,3,PhD,HR,5,Average,0-5 Years
emp769,45,17,Bachelor,Sales,6,Good,11-20 Years
emp770,32,33,Master,Tech,6,Good,20+ Years
emp771,51,12,Master,Finance,3,Poor,11-20 Years
emp772,58,22,Master,Sales,7,Good,20+ Years
emp773,51,22,PhD,Tech,9,Very Good,20+ Years
emp774,23,30,PhD,Tech,10,Excellent,20+ Years
emp775,49,38,PhD,Tech,8,Very Good,20+ Years
emp776,56,38,High School,Tech,6,Good,20+ Years
emp777,42,8,Bachelor,Tech,8,Very Good,6-10 Years
emp778,58,27,PhD,HR,5,Average,20+ Years
emp779,34,27,Bachelor,Sales,8,Very Good,20+ Years
emp780,48,34,Bachelor,HR,10,Excellent,20+ Years
emp781,55,21,Master,Finance,4,Average,20+ Years
emp782,32,30,High School,Tech,10,Excellent,20+ Years
emp783,51,33,PhD,Sales,8,Very Good,20+ Years
emp784,26,28,Master,Tech,10,Excellent,20+ Years
emp785,41,33,Master,Sales,2,Poor,20+ Years
emp786,47,5,PhD,HR,5,Average,0-5 Years
emp787,21,19,Bachelor,Sales,9,Very Good,11-20 Years
emp788,25,4,Master,Finance,4,Average,0-5 Years
emp789,47,35,Bachelor,Finance,6,Good,20+ Years
emp790,47,17,High School,Sales,1,Poor,11-20 Years
emp791,39,28,Bachelor,Sales,9,Very Good,20+ Years
